{"cameraMode":{"drawMode":0,"name":"Shaded","section":"Shading Mode"},"sceneLighting":true,"audioPlay":false,"sceneViewState":{"m_AlwaysRefresh":true,"showFog":true,"showSkybox":true,"showFlares":true,"showImageEffects":true,"showParticleSystems":true,"showVisualEffectGraphs":true,"m_FxEnabled":false},"in2DMode":false,"pivot":{"x":0.9860098361968994,"y":-0.7803258895874023,"z":0.8154292106628418},"rotation":{"x":-0.21601581573486329,"y":0.11597038805484772,"z":-0.02584889531135559,"w":-0.9691381454467773},"size":3.9540045261383058,"orthographic":false}