{"cameraMode":{"drawMode":0,"name":"Shaded","section":"Shading Mode"},"sceneLighting":true,"audioPlay":false,"sceneViewState":{"m_AlwaysRefresh":true,"showFog":true,"showSkybox":true,"showFlares":true,"showImageEffects":true,"showParticleSystems":true,"showVisualEffectGraphs":true,"m_FxEnabled":false},"in2DMode":false,"pivot":{"x":1.3126899003982545,"y":-7.978470325469971,"z":20.04042625427246},"rotation":{"x":-0.23209087550640107,"y":-0.025678349658846856,"z":0.0061293006874620918,"w":-0.9723370671272278},"size":14.405793190002442,"orthographic":false}