{"cameraMode":{"drawMode":0,"name":"Shaded","section":"Shading Mode"},"sceneLighting":true,"audioPlay":false,"sceneViewState":{"m_AlwaysRefresh":true,"showFog":true,"showSkybox":true,"showFlares":true,"showImageEffects":true,"showParticleSystems":true,"showVisualEffectGraphs":true,"m_FxEnabled":false},"in2DMode":false,"pivot":{"x":-0.5195930004119873,"y":1.6972342729568482,"z":-1.7541898488998414},"rotation":{"x":-0.2698573172092438,"y":0.02079402655363083,"z":-0.0058290595188736919,"w":-0.962660014629364},"size":5.3627190589904789,"orthographic":false}